article,use case,indicators,_worker_id,_trust,score,notes
http://dailyhealthpost.com/bee-venom-hiv-cure/,CRISPR,TRUE,44260746,1,2,"me parece que si, la ciencia esta avanzada"
http://dailyhealthpost.com/bee-venom-hiv-cure/,CRISPR,TRUE,44389644,0.5267,0,
http://dailyhealthpost.com/bee-venom-hiv-cure/,CRISPR,TRUE,44026666,0.45,0,
http://dailyhealthpost.com/bee-venom-hiv-cure/,CRISPR,TRUE,43858282,0.5,2,
http://dailyhealthpost.com/bee-venom-hiv-cure/,CRISPR,TRUE,44930893,0.32,0,
http://futurism.com/scientists-just-surgically-removed-hiv-dna-from-live-animals/?ref=quuu&utm_content=buffer1d5e1&utm_medium=social&utm_source=twitter.com&utm_campaign=buffer,CRISPR,TRUE,44389644,0.5267,1,
http://futurism.com/scientists-just-surgically-removed-hiv-dna-from-live-animals/?ref=quuu&utm_content=buffer1d5e1&utm_medium=social&utm_source=twitter.com&utm_campaign=buffer,CRISPR,TRUE,44219865,0.6,1,
http://futurism.com/scientists-just-surgically-removed-hiv-dna-from-live-animals/?ref=quuu&utm_content=buffer1d5e1&utm_medium=social&utm_source=twitter.com&utm_campaign=buffer,CRISPR,TRUE,44939679,0.5,1,
http://futurism.com/scientists-just-surgically-removed-hiv-dna-from-live-animals/?ref=quuu&utm_content=buffer1d5e1&utm_medium=social&utm_source=twitter.com&utm_campaign=buffer,CRISPR,TRUE,40507163,0.475,1,
http://futurism.com/scientists-just-surgically-removed-hiv-dna-from-live-animals/?ref=quuu&utm_content=buffer1d5e1&utm_medium=social&utm_source=twitter.com&utm_campaign=buffer,CRISPR,TRUE,44732169,0.4667,1,
http://futurism.com/scientists-move-remarkably-close-to-a-functional-cure-for-hiv/?utm_source=dlvr.it&utm_medium=twitter,CRISPR,TRUE,44389644,0.5267,1,
http://futurism.com/scientists-move-remarkably-close-to-a-functional-cure-for-hiv/?utm_source=dlvr.it&utm_medium=twitter,CRISPR,TRUE,44219865,0.6,1,
http://futurism.com/scientists-move-remarkably-close-to-a-functional-cure-for-hiv/?utm_source=dlvr.it&utm_medium=twitter,CRISPR,TRUE,44939679,0.5,2,
http://futurism.com/scientists-move-remarkably-close-to-a-functional-cure-for-hiv/?utm_source=dlvr.it&utm_medium=twitter,CRISPR,TRUE,40507163,0.475,-1,
http://futurism.com/scientists-move-remarkably-close-to-a-functional-cure-for-hiv/?utm_source=dlvr.it&utm_medium=twitter,CRISPR,TRUE,44732169,0.4667,0,
http://futurism.com/the-fda-just-approved-a-first-of-its-kind-drug-that-targets-cancers-genes/,CRISPR,TRUE,44260746,1,2,positiva noticia y satisfactoria
http://futurism.com/the-fda-just-approved-a-first-of-its-kind-drug-that-targets-cancers-genes/,CRISPR,TRUE,44389644,0.5267,1,
http://futurism.com/the-fda-just-approved-a-first-of-its-kind-drug-that-targets-cancers-genes/,CRISPR,TRUE,44026666,0.45,-1,
http://futurism.com/the-fda-just-approved-a-first-of-its-kind-drug-that-targets-cancers-genes/,CRISPR,TRUE,43858282,0.5,1,
http://futurism.com/the-fda-just-approved-a-first-of-its-kind-drug-that-targets-cancers-genes/,CRISPR,TRUE,44930893,0.32,0,
http://genomealberta.ca/livestock/old-mcdonalds-geneedited-farm.aspx,CRISPR,TRUE,44939679,0.5,0,
http://genomealberta.ca/livestock/old-mcdonalds-geneedited-farm.aspx,CRISPR,TRUE,38968301,0.375,-2,
http://genomealberta.ca/livestock/old-mcdonalds-geneedited-farm.aspx,CRISPR,TRUE,40507163,0.475,-1,
http://genomealberta.ca/livestock/old-mcdonalds-geneedited-farm.aspx,CRISPR,TRUE,31432360,0.4,-1,
http://genomealberta.ca/livestock/old-mcdonalds-geneedited-farm.aspx,CRISPR,TRUE,44732169,0.4667,-1,
http://joshmitteldorf.scienceblog.com/2016/12/23/from-santa-diego-a-jolla-xmas-gift/,CRISPR,TRUE,44939679,0.5,0,
http://joshmitteldorf.scienceblog.com/2016/12/23/from-santa-diego-a-jolla-xmas-gift/,CRISPR,TRUE,38968301,0.375,-2,
http://joshmitteldorf.scienceblog.com/2016/12/23/from-santa-diego-a-jolla-xmas-gift/,CRISPR,TRUE,40507163,0.475,0,
http://joshmitteldorf.scienceblog.com/2016/12/23/from-santa-diego-a-jolla-xmas-gift/,CRISPR,TRUE,31432360,0.4,-1,
http://joshmitteldorf.scienceblog.com/2016/12/23/from-santa-diego-a-jolla-xmas-gift/,CRISPR,TRUE,44732169,0.4667,1,
http://labiotech.eu/hiv-cure-abivax-review/,CRISPR,TRUE,44260746,1,1,posible
http://labiotech.eu/hiv-cure-abivax-review/,CRISPR,TRUE,44389644,0.5267,1,
http://labiotech.eu/hiv-cure-abivax-review/,CRISPR,TRUE,44026666,0.45,0,
http://labiotech.eu/hiv-cure-abivax-review/,CRISPR,TRUE,43858282,0.5,0,
http://labiotech.eu/hiv-cure-abivax-review/,CRISPR,TRUE,44930893,0.32,-2,
http://mashable.com/2017/05/03/scientists-crispr-hiv-infection-mice/?utm_campaign=Mash-Prod-RSS-Feedburner-All-Partial&utm_cid=Mash-Prod-RSS-Feedburner-All-Partial,CRISPR,TRUE,44939679,0.5,2,
http://mashable.com/2017/05/03/scientists-crispr-hiv-infection-mice/?utm_campaign=Mash-Prod-RSS-Feedburner-All-Partial&utm_cid=Mash-Prod-RSS-Feedburner-All-Partial,CRISPR,TRUE,38968301,0.375,1,
http://mashable.com/2017/05/03/scientists-crispr-hiv-infection-mice/?utm_campaign=Mash-Prod-RSS-Feedburner-All-Partial&utm_cid=Mash-Prod-RSS-Feedburner-All-Partial,CRISPR,TRUE,40507163,0.475,-1,
http://mashable.com/2017/05/03/scientists-crispr-hiv-infection-mice/?utm_campaign=Mash-Prod-RSS-Feedburner-All-Partial&utm_cid=Mash-Prod-RSS-Feedburner-All-Partial,CRISPR,TRUE,31432360,0.4,0,
http://mashable.com/2017/05/03/scientists-crispr-hiv-infection-mice/?utm_campaign=Mash-Prod-RSS-Feedburner-All-Partial&utm_cid=Mash-Prod-RSS-Feedburner-All-Partial,CRISPR,TRUE,44732169,0.4667,1,
http://medium.com/@TwistBioscience/top-moments-in-synthetic-biology-2016-b43c74913896#.ldbeda4ns,CRISPR,TRUE,44389644,0.5267,1,
http://medium.com/@TwistBioscience/top-moments-in-synthetic-biology-2016-b43c74913896#.ldbeda4ns,CRISPR,TRUE,44219865,0.6,1,
http://medium.com/@TwistBioscience/top-moments-in-synthetic-biology-2016-b43c74913896#.ldbeda4ns,CRISPR,TRUE,44939679,0.5,0,
http://medium.com/@TwistBioscience/top-moments-in-synthetic-biology-2016-b43c74913896#.ldbeda4ns,CRISPR,TRUE,40507163,0.475,0,
http://medium.com/@TwistBioscience/top-moments-in-synthetic-biology-2016-b43c74913896#.ldbeda4ns,CRISPR,TRUE,44732169,0.4667,1,
http://newatlas.com/hiv-cure-crispr-cas9-mice/49358/,CRISPR,TRUE,44260746,1,1,muy bien
http://newatlas.com/hiv-cure-crispr-cas9-mice/49358/,CRISPR,TRUE,44389644,0.5267,1,
http://newatlas.com/hiv-cure-crispr-cas9-mice/49358/,CRISPR,TRUE,44026666,0.45,0,
http://newatlas.com/hiv-cure-crispr-cas9-mice/49358/,CRISPR,TRUE,43858282,0.5,2,
http://newatlas.com/hiv-cure-crispr-cas9-mice/49358/,CRISPR,TRUE,44930893,0.32,-1,
http://www.biotech-now.org/corporate/2016/12/world-aids-day-untreatable-to-beatable?utm_source=Feedburner&utm_medium=feed&utm_campaign=Feed%3A+BiotechNow+%28BIOtech+Now%29&utm_term=RSS+Subscription,CRISPR,TRUE,44260746,1,0,no lo se
http://www.biotech-now.org/corporate/2016/12/world-aids-day-untreatable-to-beatable?utm_source=Feedburner&utm_medium=feed&utm_campaign=Feed%3A+BiotechNow+%28BIOtech+Now%29&utm_term=RSS+Subscription,CRISPR,TRUE,44389644,0.5267,1,
http://www.biotech-now.org/corporate/2016/12/world-aids-day-untreatable-to-beatable?utm_source=Feedburner&utm_medium=feed&utm_campaign=Feed%3A+BiotechNow+%28BIOtech+Now%29&utm_term=RSS+Subscription,CRISPR,TRUE,44026666,0.45,1,
http://www.biotech-now.org/corporate/2016/12/world-aids-day-untreatable-to-beatable?utm_source=Feedburner&utm_medium=feed&utm_campaign=Feed%3A+BiotechNow+%28BIOtech+Now%29&utm_term=RSS+Subscription,CRISPR,TRUE,43858282,0.5,1,
http://www.biotech-now.org/corporate/2016/12/world-aids-day-untreatable-to-beatable?utm_source=Feedburner&utm_medium=feed&utm_campaign=Feed%3A+BiotechNow+%28BIOtech+Now%29&utm_term=RSS+Subscription,CRISPR,TRUE,44930893,0.32,0,
http://www.fooddemocracynow.org/blog/2016/nov/8-0,CRISPR,TRUE,44112751,1,-1,it's not relevant to me
http://www.fooddemocracynow.org/blog/2016/nov/8-0,CRISPR,TRUE,44939679,0.5,2,
http://www.fooddemocracynow.org/blog/2016/nov/8-0,CRISPR,TRUE,38968301,0.375,0,
http://www.fooddemocracynow.org/blog/2016/nov/8-0,CRISPR,TRUE,44389644,0.5267,0,
http://www.fooddemocracynow.org/blog/2016/nov/8-0,CRISPR,TRUE,44732169,0.4667,-1,
http://www.huffingtonpost.com/entry/ending-aids-progress-and-peril-on-this-world-aids_us_583f6912e4b0b93e10f8defc,CRISPR,TRUE,44112751,1,1,it seems good to me since the silence and the stigma surrounding AIDS
http://www.huffingtonpost.com/entry/ending-aids-progress-and-peril-on-this-world-aids_us_583f6912e4b0b93e10f8defc,CRISPR,TRUE,44939679,0.5,0,
http://www.huffingtonpost.com/entry/ending-aids-progress-and-peril-on-this-world-aids_us_583f6912e4b0b93e10f8defc,CRISPR,TRUE,38968301,0.375,0,
http://www.huffingtonpost.com/entry/ending-aids-progress-and-peril-on-this-world-aids_us_583f6912e4b0b93e10f8defc,CRISPR,TRUE,44389644,0.5267,-1,
http://www.huffingtonpost.com/entry/ending-aids-progress-and-peril-on-this-world-aids_us_583f6912e4b0b93e10f8defc,CRISPR,TRUE,44732169,0.4667,1,
http://www.ibtimes.co.uk/top-5-breakthroughs-2016-aids-hiv-research-1593844,CRISPR,TRUE,44939679,0.5,0,
http://www.ibtimes.co.uk/top-5-breakthroughs-2016-aids-hiv-research-1593844,CRISPR,TRUE,38968301,0.375,1,
http://www.ibtimes.co.uk/top-5-breakthroughs-2016-aids-hiv-research-1593844,CRISPR,TRUE,40507163,0.475,0,
http://www.ibtimes.co.uk/top-5-breakthroughs-2016-aids-hiv-research-1593844,CRISPR,TRUE,31432360,0.4,0,
http://www.ibtimes.co.uk/top-5-breakthroughs-2016-aids-hiv-research-1593844,CRISPR,TRUE,44732169,0.4667,1,
http://www.medicaldaily.com/hiv-research-breakthroughs-2016-how-close-weve-come-cure-and-better-treatments-406697?utm_medium=twitter&utm_source=dlvr.it,CRISPR,TRUE,44939679,0.5,0,
http://www.medicaldaily.com/hiv-research-breakthroughs-2016-how-close-weve-come-cure-and-better-treatments-406697?utm_medium=twitter&utm_source=dlvr.it,CRISPR,TRUE,38968301,0.375,1,
http://www.medicaldaily.com/hiv-research-breakthroughs-2016-how-close-weve-come-cure-and-better-treatments-406697?utm_medium=twitter&utm_source=dlvr.it,CRISPR,TRUE,40507163,0.475,-2,
http://www.medicaldaily.com/hiv-research-breakthroughs-2016-how-close-weve-come-cure-and-better-treatments-406697?utm_medium=twitter&utm_source=dlvr.it,CRISPR,TRUE,31432360,0.4,-1,
http://www.medicaldaily.com/hiv-research-breakthroughs-2016-how-close-weve-come-cure-and-better-treatments-406697?utm_medium=twitter&utm_source=dlvr.it,CRISPR,TRUE,44732169,0.4667,1,
http://www.motherjones.com/food/2016/04/what-i-learned-my-five-hour-tour-monsanto-hq/,CRISPR,TRUE,44389644,0.5267,0,
http://www.motherjones.com/food/2016/04/what-i-learned-my-five-hour-tour-monsanto-hq/,CRISPR,TRUE,44219865,0.6,-2,
http://www.motherjones.com/food/2016/04/what-i-learned-my-five-hour-tour-monsanto-hq/,CRISPR,TRUE,44939679,0.5,0,
http://www.motherjones.com/food/2016/04/what-i-learned-my-five-hour-tour-monsanto-hq/,CRISPR,TRUE,40507163,0.475,-1,
http://www.motherjones.com/food/2016/04/what-i-learned-my-five-hour-tour-monsanto-hq/,CRISPR,TRUE,44732169,0.4667,1,
http://www.natureworldnews.com/articles/37835/20170504/aids-breakthrough-how-crispr-gene-editing-successfully-eliminates-hiv-infection-in-animal-models.htm?utm_source=dlvr.it&utm_medium=twitter,CRISPR,TRUE,44112751,1,1,an early solution for the cure of AIDS is sought
http://www.natureworldnews.com/articles/37835/20170504/aids-breakthrough-how-crispr-gene-editing-successfully-eliminates-hiv-infection-in-animal-models.htm?utm_source=dlvr.it&utm_medium=twitter,CRISPR,TRUE,44939679,0.5,2,
http://www.natureworldnews.com/articles/37835/20170504/aids-breakthrough-how-crispr-gene-editing-successfully-eliminates-hiv-infection-in-animal-models.htm?utm_source=dlvr.it&utm_medium=twitter,CRISPR,TRUE,38968301,0.375,1,
http://www.natureworldnews.com/articles/37835/20170504/aids-breakthrough-how-crispr-gene-editing-successfully-eliminates-hiv-infection-in-animal-models.htm?utm_source=dlvr.it&utm_medium=twitter,CRISPR,TRUE,44389644,0.5267,1,
http://www.natureworldnews.com/articles/37835/20170504/aids-breakthrough-how-crispr-gene-editing-successfully-eliminates-hiv-infection-in-animal-models.htm?utm_source=dlvr.it&utm_medium=twitter,CRISPR,TRUE,44732169,0.4667,1,
http://www.shontavia.com/fullblog/2016/crispr-in-agriculture-an-overview-of-the-gene-edited-food-that-probably-isnt-a-gmo,CRISPR,TRUE,44112751,1,1,"These scientists have developed a new innovative technology that can edit DNA, a technique that has the potential to transform science and human experience"
http://www.shontavia.com/fullblog/2016/crispr-in-agriculture-an-overview-of-the-gene-edited-food-that-probably-isnt-a-gmo,CRISPR,TRUE,44939679,0.5,2,
http://www.shontavia.com/fullblog/2016/crispr-in-agriculture-an-overview-of-the-gene-edited-food-that-probably-isnt-a-gmo,CRISPR,TRUE,38968301,0.375,0,
http://www.shontavia.com/fullblog/2016/crispr-in-agriculture-an-overview-of-the-gene-edited-food-that-probably-isnt-a-gmo,CRISPR,TRUE,44389644,0.5267,1,
http://www.shontavia.com/fullblog/2016/crispr-in-agriculture-an-overview-of-the-gene-edited-food-that-probably-isnt-a-gmo,CRISPR,TRUE,44732169,0.4667,-1,
http://www.thebody.com/content/79877/real-or-not-hiv-cure-in-animals-using-crispr-gene-.html?ap=2008,CRISPR,TRUE,44112751,1,1,it seems good to me since experiments are done to find the way the cure
http://www.thebody.com/content/79877/real-or-not-hiv-cure-in-animals-using-crispr-gene-.html?ap=2008,CRISPR,TRUE,44939679,0.5,0,
http://www.thebody.com/content/79877/real-or-not-hiv-cure-in-animals-using-crispr-gene-.html?ap=2008,CRISPR,TRUE,38968301,0.375,1,
http://www.thebody.com/content/79877/real-or-not-hiv-cure-in-animals-using-crispr-gene-.html?ap=2008,CRISPR,TRUE,44389644,0.5267,0,
http://www.thebody.com/content/79877/real-or-not-hiv-cure-in-animals-using-crispr-gene-.html?ap=2008,CRISPR,TRUE,44732169,0.4667,0,
http://www.theverge.com/2016/5/4/11581994/fmt-fecal-matter-transplant-josiah-zayner-microbiome-ibs-c-diff,CRISPR,TRUE,44389644,0.5267,-1,
http://www.theverge.com/2016/5/4/11581994/fmt-fecal-matter-transplant-josiah-zayner-microbiome-ibs-c-diff,CRISPR,TRUE,44219865,0.6,1,
http://www.theverge.com/2016/5/4/11581994/fmt-fecal-matter-transplant-josiah-zayner-microbiome-ibs-c-diff,CRISPR,TRUE,44939679,0.5,0,
http://www.theverge.com/2016/5/4/11581994/fmt-fecal-matter-transplant-josiah-zayner-microbiome-ibs-c-diff,CRISPR,TRUE,40507163,0.475,-1,
http://www.theverge.com/2016/5/4/11581994/fmt-fecal-matter-transplant-josiah-zayner-microbiome-ibs-c-diff,CRISPR,TRUE,44732169,0.4667,-1,
http://dailyhealthpost.com/bee-venom-hiv-cure/,CRISPR,FALSE,44485325,1,2,
http://dailyhealthpost.com/bee-venom-hiv-cure/,CRISPR,FALSE,44230399,0.7,1,
http://dailyhealthpost.com/bee-venom-hiv-cure/,CRISPR,FALSE,44073749,0.475,-1,
http://dailyhealthpost.com/bee-venom-hiv-cure/,CRISPR,FALSE,41202032,0.2667,1,It's an interesting topic but you need to consolidate your goal
http://dailyhealthpost.com/bee-venom-hiv-cure/,CRISPR,FALSE,43716648,0.4,-1,"the article seems to lack veracity, is not well supported."
http://futurism.com/scientists-just-surgically-removed-hiv-dna-from-live-animals/?ref=quuu&utm_content=buffer1d5e1&utm_medium=social&utm_source=twitter.com&utm_campaign=buffer,CRISPR,FALSE,44219514,0.475,2,
http://futurism.com/scientists-just-surgically-removed-hiv-dna-from-live-animals/?ref=quuu&utm_content=buffer1d5e1&utm_medium=social&utm_source=twitter.com&utm_campaign=buffer,CRISPR,FALSE,44010119,0.3867,0,
http://futurism.com/scientists-just-surgically-removed-hiv-dna-from-live-animals/?ref=quuu&utm_content=buffer1d5e1&utm_medium=social&utm_source=twitter.com&utm_campaign=buffer,CRISPR,FALSE,40393929,0.5,1,
http://futurism.com/scientists-just-surgically-removed-hiv-dna-from-live-animals/?ref=quuu&utm_content=buffer1d5e1&utm_medium=social&utm_source=twitter.com&utm_campaign=buffer,CRISPR,FALSE,44073749,0.475,0,
http://futurism.com/scientists-just-surgically-removed-hiv-dna-from-live-animals/?ref=quuu&utm_content=buffer1d5e1&utm_medium=social&utm_source=twitter.com&utm_campaign=buffer,CRISPR,FALSE,36725706,0.4733,1,The article does not contain major scientific inaccuracies and its conclusion follows from the evidence provided
http://futurism.com/scientists-move-remarkably-close-to-a-functional-cure-for-hiv/?utm_source=dlvr.it&utm_medium=twitter,CRISPR,FALSE,44485325,1,1,
http://futurism.com/scientists-move-remarkably-close-to-a-functional-cure-for-hiv/?utm_source=dlvr.it&utm_medium=twitter,CRISPR,FALSE,44230399,0.7,1,
http://futurism.com/scientists-move-remarkably-close-to-a-functional-cure-for-hiv/?utm_source=dlvr.it&utm_medium=twitter,CRISPR,FALSE,44073749,0.475,0,
http://futurism.com/scientists-move-remarkably-close-to-a-functional-cure-for-hiv/?utm_source=dlvr.it&utm_medium=twitter,CRISPR,FALSE,41202032,0.2667,1,Investigations of this type are necessary because the virus spread constantly
http://futurism.com/scientists-move-remarkably-close-to-a-functional-cure-for-hiv/?utm_source=dlvr.it&utm_medium=twitter,CRISPR,FALSE,43716648,0.4,-1,"lacks truthfulness, indicates that it is a medicine that is for sale and has not yet been verified 100% if it cures HIV"
http://futurism.com/the-fda-just-approved-a-first-of-its-kind-drug-that-targets-cancers-genes/,CRISPR,FALSE,44485325,1,1,
http://futurism.com/the-fda-just-approved-a-first-of-its-kind-drug-that-targets-cancers-genes/,CRISPR,FALSE,36725706,0.4733,1,The article does not contain major scientific inaccuracies and its conclusion follows from the evidence provided.
http://futurism.com/the-fda-just-approved-a-first-of-its-kind-drug-that-targets-cancers-genes/,CRISPR,FALSE,44219514,0.475,2,
http://futurism.com/the-fda-just-approved-a-first-of-its-kind-drug-that-targets-cancers-genes/,CRISPR,FALSE,44010119,0.3867,0,
http://futurism.com/the-fda-just-approved-a-first-of-its-kind-drug-that-targets-cancers-genes/,CRISPR,FALSE,35271549,0.32,2,
http://genomealberta.ca/livestock/old-mcdonalds-geneedited-farm.aspx,CRISPR,FALSE,33905742,1,-1,
http://genomealberta.ca/livestock/old-mcdonalds-geneedited-farm.aspx,CRISPR,FALSE,31432360,0.6,1,
http://genomealberta.ca/livestock/old-mcdonalds-geneedited-farm.aspx,CRISPR,FALSE,40541660,0.4,1,
http://genomealberta.ca/livestock/old-mcdonalds-geneedited-farm.aspx,CRISPR,FALSE,44010119,0.3867,0,
http://genomealberta.ca/livestock/old-mcdonalds-geneedited-farm.aspx,CRISPR,FALSE,40393929,0.5,-2,
http://joshmitteldorf.scienceblog.com/2016/12/23/from-santa-diego-a-jolla-xmas-gift/,CRISPR,FALSE,33905742,1,1,
http://joshmitteldorf.scienceblog.com/2016/12/23/from-santa-diego-a-jolla-xmas-gift/,CRISPR,FALSE,31432360,0.6,-1,
http://joshmitteldorf.scienceblog.com/2016/12/23/from-santa-diego-a-jolla-xmas-gift/,CRISPR,FALSE,40541660,0.4,2,
http://joshmitteldorf.scienceblog.com/2016/12/23/from-santa-diego-a-jolla-xmas-gift/,CRISPR,FALSE,44010119,0.3867,0,
http://joshmitteldorf.scienceblog.com/2016/12/23/from-santa-diego-a-jolla-xmas-gift/,CRISPR,FALSE,40393929,0.5,1,
http://labiotech.eu/hiv-cure-abivax-review/,CRISPR,FALSE,33905742,1,1,
http://labiotech.eu/hiv-cure-abivax-review/,CRISPR,FALSE,31432360,0.6,0,
http://labiotech.eu/hiv-cure-abivax-review/,CRISPR,FALSE,40541660,0.4,1,
http://labiotech.eu/hiv-cure-abivax-review/,CRISPR,FALSE,44010119,0.3867,0,
http://labiotech.eu/hiv-cure-abivax-review/,CRISPR,FALSE,40393929,0.5,1,
http://mashable.com/2017/05/03/scientists-crispr-hiv-infection-mice/?utm_campaign=Mash-Prod-RSS-Feedburner-All-Partial&utm_cid=Mash-Prod-RSS-Feedburner-All-Partial,CRISPR,FALSE,44485325,1,1,
http://mashable.com/2017/05/03/scientists-crispr-hiv-infection-mice/?utm_campaign=Mash-Prod-RSS-Feedburner-All-Partial&utm_cid=Mash-Prod-RSS-Feedburner-All-Partial,CRISPR,FALSE,44230399,0.7,2,
http://mashable.com/2017/05/03/scientists-crispr-hiv-infection-mice/?utm_campaign=Mash-Prod-RSS-Feedburner-All-Partial&utm_cid=Mash-Prod-RSS-Feedburner-All-Partial,CRISPR,FALSE,44073749,0.475,0,
http://mashable.com/2017/05/03/scientists-crispr-hiv-infection-mice/?utm_campaign=Mash-Prod-RSS-Feedburner-All-Partial&utm_cid=Mash-Prod-RSS-Feedburner-All-Partial,CRISPR,FALSE,41202032,0.2667,2,Investigations of this type are necessary because the virus spread constantly
http://mashable.com/2017/05/03/scientists-crispr-hiv-infection-mice/?utm_campaign=Mash-Prod-RSS-Feedburner-All-Partial&utm_cid=Mash-Prod-RSS-Feedburner-All-Partial,CRISPR,FALSE,43716648,0.4,1,
http://medium.com/@TwistBioscience/top-moments-in-synthetic-biology-2016-b43c74913896#.ldbeda4ns,CRISPR,FALSE,33905742,1,1,
http://medium.com/@TwistBioscience/top-moments-in-synthetic-biology-2016-b43c74913896#.ldbeda4ns,CRISPR,FALSE,31432360,0.6,1,
http://medium.com/@TwistBioscience/top-moments-in-synthetic-biology-2016-b43c74913896#.ldbeda4ns,CRISPR,FALSE,40541660,0.4,1,
http://medium.com/@TwistBioscience/top-moments-in-synthetic-biology-2016-b43c74913896#.ldbeda4ns,CRISPR,FALSE,44010119,0.3867,0,
http://medium.com/@TwistBioscience/top-moments-in-synthetic-biology-2016-b43c74913896#.ldbeda4ns,CRISPR,FALSE,40393929,0.5,1,
http://newatlas.com/hiv-cure-crispr-cas9-mice/49358/,CRISPR,FALSE,44485325,1,2,
http://newatlas.com/hiv-cure-crispr-cas9-mice/49358/,CRISPR,FALSE,36725706,0.4733,1,The article does not contain major scientific inaccuracies and its conclusion follows from the evidence provided.
http://newatlas.com/hiv-cure-crispr-cas9-mice/49358/,CRISPR,FALSE,44219514,0.475,2,
http://newatlas.com/hiv-cure-crispr-cas9-mice/49358/,CRISPR,FALSE,44010119,0.3867,0,
http://newatlas.com/hiv-cure-crispr-cas9-mice/49358/,CRISPR,FALSE,35271549,0.32,1,
http://www.biotech-now.org/corporate/2016/12/world-aids-day-untreatable-to-beatable?utm_source=Feedburner&utm_medium=feed&utm_campaign=Feed%3A+BiotechNow+%28BIOtech+Now%29&utm_term=RSS+Subscription,CRISPR,FALSE,44219514,0.475,1,
http://www.biotech-now.org/corporate/2016/12/world-aids-day-untreatable-to-beatable?utm_source=Feedburner&utm_medium=feed&utm_campaign=Feed%3A+BiotechNow+%28BIOtech+Now%29&utm_term=RSS+Subscription,CRISPR,FALSE,44010119,0.3867,0,
http://www.biotech-now.org/corporate/2016/12/world-aids-day-untreatable-to-beatable?utm_source=Feedburner&utm_medium=feed&utm_campaign=Feed%3A+BiotechNow+%28BIOtech+Now%29&utm_term=RSS+Subscription,CRISPR,FALSE,40393929,0.5,0,
http://www.biotech-now.org/corporate/2016/12/world-aids-day-untreatable-to-beatable?utm_source=Feedburner&utm_medium=feed&utm_campaign=Feed%3A+BiotechNow+%28BIOtech+Now%29&utm_term=RSS+Subscription,CRISPR,FALSE,44073749,0.475,0,
http://www.biotech-now.org/corporate/2016/12/world-aids-day-untreatable-to-beatable?utm_source=Feedburner&utm_medium=feed&utm_campaign=Feed%3A+BiotechNow+%28BIOtech+Now%29&utm_term=RSS+Subscription,CRISPR,FALSE,36725706,0.4733,0,"No major inaccuracies, but no important insight to better explain implications of the science"
http://www.fooddemocracynow.org/blog/2016/nov/8-0,CRISPR,FALSE,44219514,0.475,-1,
http://www.fooddemocracynow.org/blog/2016/nov/8-0,CRISPR,FALSE,44010119,0.3867,0,
http://www.fooddemocracynow.org/blog/2016/nov/8-0,CRISPR,FALSE,40393929,0.5,-2,
http://www.fooddemocracynow.org/blog/2016/nov/8-0,CRISPR,FALSE,44073749,0.475,-1,
http://www.fooddemocracynow.org/blog/2016/nov/8-0,CRISPR,FALSE,36725706,0.4733,0,"No major inaccuracies, but no important insight to better explain implications of the science"
http://www.huffingtonpost.com/entry/ending-aids-progress-and-peril-on-this-world-aids_us_583f6912e4b0b93e10f8defc,CRISPR,FALSE,44219514,0.475,2,
http://www.huffingtonpost.com/entry/ending-aids-progress-and-peril-on-this-world-aids_us_583f6912e4b0b93e10f8defc,CRISPR,FALSE,44010119,0.3867,0,
http://www.huffingtonpost.com/entry/ending-aids-progress-and-peril-on-this-world-aids_us_583f6912e4b0b93e10f8defc,CRISPR,FALSE,40393929,0.5,1,
http://www.huffingtonpost.com/entry/ending-aids-progress-and-peril-on-this-world-aids_us_583f6912e4b0b93e10f8defc,CRISPR,FALSE,44073749,0.475,1,
http://www.huffingtonpost.com/entry/ending-aids-progress-and-peril-on-this-world-aids_us_583f6912e4b0b93e10f8defc,CRISPR,FALSE,36725706,0.4733,1,The article does not contain major scientific inaccuracies and its conclusion follows from the evidence provided
http://www.ibtimes.co.uk/top-5-breakthroughs-2016-aids-hiv-research-1593844,CRISPR,FALSE,44219514,0.475,0,
http://www.ibtimes.co.uk/top-5-breakthroughs-2016-aids-hiv-research-1593844,CRISPR,FALSE,44010119,0.3867,0,
http://www.ibtimes.co.uk/top-5-breakthroughs-2016-aids-hiv-research-1593844,CRISPR,FALSE,40393929,0.5,-1,
http://www.ibtimes.co.uk/top-5-breakthroughs-2016-aids-hiv-research-1593844,CRISPR,FALSE,44073749,0.475,-1,
http://www.ibtimes.co.uk/top-5-breakthroughs-2016-aids-hiv-research-1593844,CRISPR,FALSE,36725706,0.4733,2,"No inaccuracies, fairly represents the state of scientific knowledge, well argumented and documented, references are provided for key elements. The article provides insights and implications to the reader"
http://www.medicaldaily.com/hiv-research-breakthroughs-2016-how-close-weve-come-cure-and-better-treatments-406697?utm_medium=twitter&utm_source=dlvr.it,CRISPR,FALSE,33905742,1,-2,
http://www.medicaldaily.com/hiv-research-breakthroughs-2016-how-close-weve-come-cure-and-better-treatments-406697?utm_medium=twitter&utm_source=dlvr.it,CRISPR,FALSE,31432360,0.6,0,
http://www.medicaldaily.com/hiv-research-breakthroughs-2016-how-close-weve-come-cure-and-better-treatments-406697?utm_medium=twitter&utm_source=dlvr.it,CRISPR,FALSE,40541660,0.4,-1,
http://www.medicaldaily.com/hiv-research-breakthroughs-2016-how-close-weve-come-cure-and-better-treatments-406697?utm_medium=twitter&utm_source=dlvr.it,CRISPR,FALSE,44010119,0.3867,0,
http://www.medicaldaily.com/hiv-research-breakthroughs-2016-how-close-weve-come-cure-and-better-treatments-406697?utm_medium=twitter&utm_source=dlvr.it,CRISPR,FALSE,40393929,0.5,0,
http://www.motherjones.com/food/2016/04/what-i-learned-my-five-hour-tour-monsanto-hq/,CRISPR,FALSE,44485325,1,0,
http://www.motherjones.com/food/2016/04/what-i-learned-my-five-hour-tour-monsanto-hq/,CRISPR,FALSE,44230399,0.7,0,
http://www.motherjones.com/food/2016/04/what-i-learned-my-five-hour-tour-monsanto-hq/,CRISPR,FALSE,44073749,0.475,0,
http://www.motherjones.com/food/2016/04/what-i-learned-my-five-hour-tour-monsanto-hq/,CRISPR,FALSE,41202032,0.2667,-2,It is a social issue
http://www.motherjones.com/food/2016/04/what-i-learned-my-five-hour-tour-monsanto-hq/,CRISPR,FALSE,43716648,0.4,0,
http://www.natureworldnews.com/articles/37835/20170504/aids-breakthrough-how-crispr-gene-editing-successfully-eliminates-hiv-infection-in-animal-models.htm?utm_source=dlvr.it&utm_medium=twitter,CRISPR,FALSE,44485325,1,1,
http://www.natureworldnews.com/articles/37835/20170504/aids-breakthrough-how-crispr-gene-editing-successfully-eliminates-hiv-infection-in-animal-models.htm?utm_source=dlvr.it&utm_medium=twitter,CRISPR,FALSE,36725706,0.4733,0,"No major inaccuracies, but no important insight to better explain implications of the science."
http://www.natureworldnews.com/articles/37835/20170504/aids-breakthrough-how-crispr-gene-editing-successfully-eliminates-hiv-infection-in-animal-models.htm?utm_source=dlvr.it&utm_medium=twitter,CRISPR,FALSE,44219514,0.475,1,
http://www.natureworldnews.com/articles/37835/20170504/aids-breakthrough-how-crispr-gene-editing-successfully-eliminates-hiv-infection-in-animal-models.htm?utm_source=dlvr.it&utm_medium=twitter,CRISPR,FALSE,44010119,0.3867,0,
http://www.natureworldnews.com/articles/37835/20170504/aids-breakthrough-how-crispr-gene-editing-successfully-eliminates-hiv-infection-in-animal-models.htm?utm_source=dlvr.it&utm_medium=twitter,CRISPR,FALSE,35271549,0.32,2,
http://www.shontavia.com/fullblog/2016/crispr-in-agriculture-an-overview-of-the-gene-edited-food-that-probably-isnt-a-gmo,CRISPR,FALSE,44485325,1,0,
http://www.shontavia.com/fullblog/2016/crispr-in-agriculture-an-overview-of-the-gene-edited-food-that-probably-isnt-a-gmo,CRISPR,FALSE,44230399,0.7,1,
http://www.shontavia.com/fullblog/2016/crispr-in-agriculture-an-overview-of-the-gene-edited-food-that-probably-isnt-a-gmo,CRISPR,FALSE,44073749,0.475,1,
http://www.shontavia.com/fullblog/2016/crispr-in-agriculture-an-overview-of-the-gene-edited-food-that-probably-isnt-a-gmo,CRISPR,FALSE,41202032,0.2667,2,studies on innovation in finding the solution to the problems that afflict the human being would be beneficial
http://www.shontavia.com/fullblog/2016/crispr-in-agriculture-an-overview-of-the-gene-edited-food-that-probably-isnt-a-gmo,CRISPR,FALSE,43716648,0.4,-2,
http://www.thebody.com/content/79877/real-or-not-hiv-cure-in-animals-using-crispr-gene-.html?ap=2008,CRISPR,FALSE,44485325,1,0,
http://www.thebody.com/content/79877/real-or-not-hiv-cure-in-animals-using-crispr-gene-.html?ap=2008,CRISPR,FALSE,36725706,0.4733,1,The article does not contain major scientific inaccuracies and its conclusion follows from the evidence provided.
http://www.thebody.com/content/79877/real-or-not-hiv-cure-in-animals-using-crispr-gene-.html?ap=2008,CRISPR,FALSE,44219514,0.475,0,
http://www.thebody.com/content/79877/real-or-not-hiv-cure-in-animals-using-crispr-gene-.html?ap=2008,CRISPR,FALSE,44010119,0.3867,0,
http://www.thebody.com/content/79877/real-or-not-hiv-cure-in-animals-using-crispr-gene-.html?ap=2008,CRISPR,FALSE,35271549,0.32,1,
http://www.theverge.com/2016/5/4/11581994/fmt-fecal-matter-transplant-josiah-zayner-microbiome-ibs-c-diff,CRISPR,FALSE,44485325,1,1,
http://www.theverge.com/2016/5/4/11581994/fmt-fecal-matter-transplant-josiah-zayner-microbiome-ibs-c-diff,CRISPR,FALSE,36725706,0.4733,-1,The article contains significant scientific inaccuracies or misleading statements
http://www.theverge.com/2016/5/4/11581994/fmt-fecal-matter-transplant-josiah-zayner-microbiome-ibs-c-diff,CRISPR,FALSE,44219514,0.475,-1,
http://www.theverge.com/2016/5/4/11581994/fmt-fecal-matter-transplant-josiah-zayner-microbiome-ibs-c-diff,CRISPR,FALSE,44010119,0.3867,0,
http://www.theverge.com/2016/5/4/11581994/fmt-fecal-matter-transplant-josiah-zayner-microbiome-ibs-c-diff,CRISPR,FALSE,35271549,0.32,-2,
http://fortune.com/2018/01/04/philip-morris-quit-cigarettes-tobacco-free/?utm_campaign=fortunemagazine&utm_source=twitter.com&utm_medium=social&xid=soc_socialflow_twitter_FORTUNE,ATC,TRUE,43718239,1,1,
http://fortune.com/2018/01/04/philip-morris-quit-cigarettes-tobacco-free/?utm_campaign=fortunemagazine&utm_source=twitter.com&utm_medium=social&xid=soc_socialflow_twitter_FORTUNE,ATC,TRUE,43692556,0.2,0,
http://fortune.com/2018/01/04/philip-morris-quit-cigarettes-tobacco-free/?utm_campaign=fortunemagazine&utm_source=twitter.com&utm_medium=social&xid=soc_socialflow_twitter_FORTUNE,ATC,TRUE,44047633,0.6667,0,
http://fortune.com/2018/01/04/philip-morris-quit-cigarettes-tobacco-free/?utm_campaign=fortunemagazine&utm_source=twitter.com&utm_medium=social&xid=soc_socialflow_twitter_FORTUNE,ATC,TRUE,44474411,0.3533,1,
http://fortune.com/2018/01/04/philip-morris-quit-cigarettes-tobacco-free/?utm_campaign=fortunemagazine&utm_source=twitter.com&utm_medium=social&xid=soc_socialflow_twitter_FORTUNE,ATC,TRUE,43726491,0.52,-2,There are no scientific facts. It's not about science at all.
http://humanprogress.org/article.php?p=503,ATC,TRUE,41202032,1,1,It is important to know about this topic
http://humanprogress.org/article.php?p=503,ATC,TRUE,44854278,0.6,-1,
http://humanprogress.org/article.php?p=503,ATC,TRUE,44920655,0.1,2,
http://humanprogress.org/article.php?p=503,ATC,TRUE,44237154,0.55,1,"This article discusses how coffee and alcohol helped create civilizations over time, as an element of social sharing"
http://humanprogress.org/article.php?p=503,ATC,TRUE,44705449,0.52,1,
http://mentalfloss.com/article/526832/sorry-barflies-dry-january-isnt-fix-heavy-drinking,ATC,TRUE,44748168,0.85,-1,
http://mentalfloss.com/article/526832/sorry-barflies-dry-january-isnt-fix-heavy-drinking,ATC,TRUE,44705449,0.52,0,
http://mentalfloss.com/article/526832/sorry-barflies-dry-january-isnt-fix-heavy-drinking,ATC,TRUE,44474411,0.3533,1,
http://mentalfloss.com/article/526832/sorry-barflies-dry-january-isnt-fix-heavy-drinking,ATC,TRUE,44397297,0.45,-1,"It is a test of willpower, during the month of January, but there is no indication that after that month the person who consumes alcohol does not do it again for the rest of the year."
http://mentalfloss.com/article/526832/sorry-barflies-dry-january-isnt-fix-heavy-drinking,ATC,TRUE,44922586,0.52,1,"+1
good and interesting article"
http://uk.businessinsider.com/indoor-smoking-bans-kids-asthma-healthier-2016-12?utm_content=buffer6b517&utm_medium=social&utm_source=twitter.com&utm_campaign=buffer&r=US&IR=T,ATC,TRUE,44389644,1,0,
http://uk.businessinsider.com/indoor-smoking-bans-kids-asthma-healthier-2016-12?utm_content=buffer6b517&utm_medium=social&utm_source=twitter.com&utm_campaign=buffer&r=US&IR=T,ATC,TRUE,44748168,0.85,0,
http://uk.businessinsider.com/indoor-smoking-bans-kids-asthma-healthier-2016-12?utm_content=buffer6b517&utm_medium=social&utm_source=twitter.com&utm_campaign=buffer&r=US&IR=T,ATC,TRUE,32227852,0.6667,0,
http://uk.businessinsider.com/indoor-smoking-bans-kids-asthma-healthier-2016-12?utm_content=buffer6b517&utm_medium=social&utm_source=twitter.com&utm_campaign=buffer&r=US&IR=T,ATC,TRUE,33257008,0,2,
http://uk.businessinsider.com/indoor-smoking-bans-kids-asthma-healthier-2016-12?utm_content=buffer6b517&utm_medium=social&utm_source=twitter.com&utm_campaign=buffer&r=US&IR=T,ATC,TRUE,44382406,0.32,1,
http://uk.businessinsider.com/philip-morris-e-cigarette-2016-11?r=US&IR=T,ATC,TRUE,44748168,0.85,0,
http://uk.businessinsider.com/philip-morris-e-cigarette-2016-11?r=US&IR=T,ATC,TRUE,44705449,0.52,2,
http://uk.businessinsider.com/philip-morris-e-cigarette-2016-11?r=US&IR=T,ATC,TRUE,44474411,0.3533,1,
http://uk.businessinsider.com/philip-morris-e-cigarette-2016-11?r=US&IR=T,ATC,TRUE,44397297,0.45,2,"Business Insider is a website that could be considered serious and reliable in terms of the information it provides. Truly, there are not enough studies that really assure that this type of electric cigarette is less harmful than the traditional cigarette."
http://uk.businessinsider.com/philip-morris-e-cigarette-2016-11?r=US&IR=T,ATC,TRUE,44922586,0.52,2,"+2 
very good and interesting article"
http://vantagepointrecovery.com/5-reasons-seek-support-quitting-alcohol/,ATC,TRUE,44748168,0.85,-1,
http://vantagepointrecovery.com/5-reasons-seek-support-quitting-alcohol/,ATC,TRUE,44705449,0.52,2,
http://vantagepointrecovery.com/5-reasons-seek-support-quitting-alcohol/,ATC,TRUE,44474411,0.3533,1,
http://vantagepointrecovery.com/5-reasons-seek-support-quitting-alcohol/,ATC,TRUE,44397297,0.45,2,
http://vantagepointrecovery.com/5-reasons-seek-support-quitting-alcohol/,ATC,TRUE,44922586,0.52,2,"+2
This is a very useful article, it is very well explained what alcohol addiction is and that it is necessary to fight addiction while referring to doctors."
http://winefolly.com/update/alcohol-your-brain-and-dementia/?utm_content=buffere2ba7&utm_medium=social&utm_source=twitter.com&utm_campaign=buffer,ATC,TRUE,41202032,1,2,It is important to know about this issue about the benefit of moderate consumption of this beverage
http://winefolly.com/update/alcohol-your-brain-and-dementia/?utm_content=buffere2ba7&utm_medium=social&utm_source=twitter.com&utm_campaign=buffer,ATC,TRUE,44854278,0.6,1,
http://winefolly.com/update/alcohol-your-brain-and-dementia/?utm_content=buffere2ba7&utm_medium=social&utm_source=twitter.com&utm_campaign=buffer,ATC,TRUE,44920655,0.1,-1,
http://winefolly.com/update/alcohol-your-brain-and-dementia/?utm_content=buffere2ba7&utm_medium=social&utm_source=twitter.com&utm_campaign=buffer,ATC,TRUE,44237154,0.55,1,"It shows the results of a new study on alcohol, and an alternative to cleanse the brain and the impact of wine on health."
http://winefolly.com/update/alcohol-your-brain-and-dementia/?utm_content=buffere2ba7&utm_medium=social&utm_source=twitter.com&utm_campaign=buffer,ATC,TRUE,44705449,0.52,2,
http://www.drugaddictionnow.com/2016/11/28/treating-a-dual-diagnosis-of-addiction-and-mental-illness-can-sometimes-be-a-case-of-simply-treating-the-addiction/?platform=hootsuite,ATC,TRUE,43718239,1,1,
http://www.drugaddictionnow.com/2016/11/28/treating-a-dual-diagnosis-of-addiction-and-mental-illness-can-sometimes-be-a-case-of-simply-treating-the-addiction/?platform=hootsuite,ATC,TRUE,43692556,0.2,1,
http://www.drugaddictionnow.com/2016/11/28/treating-a-dual-diagnosis-of-addiction-and-mental-illness-can-sometimes-be-a-case-of-simply-treating-the-addiction/?platform=hootsuite,ATC,TRUE,44047633,0.6667,1,
http://www.drugaddictionnow.com/2016/11/28/treating-a-dual-diagnosis-of-addiction-and-mental-illness-can-sometimes-be-a-case-of-simply-treating-the-addiction/?platform=hootsuite,ATC,TRUE,44474411,0.3533,1,
http://www.drugaddictionnow.com/2016/11/28/treating-a-dual-diagnosis-of-addiction-and-mental-illness-can-sometimes-be-a-case-of-simply-treating-the-addiction/?platform=hootsuite,ATC,TRUE,43726491,0.52,1,There are scientific facts. But they are adapted for perception by an ordinary person.
http://www.esquire.com/food-drink/food/a16756469/california-coffee-cancer-warning-lawsuit/?src=socialflowTW,ATC,TRUE,43718239,1,0,
http://www.esquire.com/food-drink/food/a16756469/california-coffee-cancer-warning-lawsuit/?src=socialflowTW,ATC,TRUE,43692556,0.2,1,
http://www.esquire.com/food-drink/food/a16756469/california-coffee-cancer-warning-lawsuit/?src=socialflowTW,ATC,TRUE,44047633,0.6667,0,
http://www.esquire.com/food-drink/food/a16756469/california-coffee-cancer-warning-lawsuit/?src=socialflowTW,ATC,TRUE,44474411,0.3533,2,
http://www.esquire.com/food-drink/food/a16756469/california-coffee-cancer-warning-lawsuit/?src=socialflowTW,ATC,TRUE,43726491,0.52,1,There are scientific facts. But they are adapted for perception by an ordinary person.
http://www.healthline.com/nutrition/top-13-evidence-based-health-benefits-of-coffee?sf51065311=1,ATC,TRUE,43718239,1,-1,
http://www.healthline.com/nutrition/top-13-evidence-based-health-benefits-of-coffee?sf51065311=1,ATC,TRUE,43692556,0.2,2,
http://www.healthline.com/nutrition/top-13-evidence-based-health-benefits-of-coffee?sf51065311=1,ATC,TRUE,44047633,0.6667,1,
http://www.healthline.com/nutrition/top-13-evidence-based-health-benefits-of-coffee?sf51065311=1,ATC,TRUE,44474411,0.3533,1,
http://www.healthline.com/nutrition/top-13-evidence-based-health-benefits-of-coffee?sf51065311=1,ATC,TRUE,43726491,0.52,1,There are scientific facts. But they are adapted for perception by an ordinary person.
http://www.illinoispolicy.org/senate-bill-would-ban-tobacco-products-e-cigarettes-for-illinoisans-under-21/?utm_content=66614811&utm_medium=social&utm_source=twitter,ATC,TRUE,44748168,0.85,-1,
http://www.illinoispolicy.org/senate-bill-would-ban-tobacco-products-e-cigarettes-for-illinoisans-under-21/?utm_content=66614811&utm_medium=social&utm_source=twitter,ATC,TRUE,44705449,0.52,1,
http://www.illinoispolicy.org/senate-bill-would-ban-tobacco-products-e-cigarettes-for-illinoisans-under-21/?utm_content=66614811&utm_medium=social&utm_source=twitter,ATC,TRUE,44474411,0.3533,2,
http://www.illinoispolicy.org/senate-bill-would-ban-tobacco-products-e-cigarettes-for-illinoisans-under-21/?utm_content=66614811&utm_medium=social&utm_source=twitter,ATC,TRUE,44397297,0.45,1,It would be beneficial such law for the community of Illinois
http://www.illinoispolicy.org/senate-bill-would-ban-tobacco-products-e-cigarettes-for-illinoisans-under-21/?utm_content=66614811&utm_medium=social&utm_source=twitter,ATC,TRUE,44922586,0.52,1,"+1
I fully agree, because smoking harms the health of both the smoker and those around him"
http://www.marketwatch.com/story/cigarette-maker-stocks-plunge-on-fda-announcement-but-health-experts-are-skeptical-2017-07-28?link=sfmw_tw,ATC,TRUE,44748168,0.85,-1,
http://www.marketwatch.com/story/cigarette-maker-stocks-plunge-on-fda-announcement-but-health-experts-are-skeptical-2017-07-28?link=sfmw_tw,ATC,TRUE,44705449,0.52,1,
http://www.marketwatch.com/story/cigarette-maker-stocks-plunge-on-fda-announcement-but-health-experts-are-skeptical-2017-07-28?link=sfmw_tw,ATC,TRUE,44474411,0.3533,2,
http://www.marketwatch.com/story/cigarette-maker-stocks-plunge-on-fda-announcement-but-health-experts-are-skeptical-2017-07-28?link=sfmw_tw,ATC,TRUE,44397297,0.45,0,
http://www.marketwatch.com/story/cigarette-maker-stocks-plunge-on-fda-announcement-but-health-experts-are-skeptical-2017-07-28?link=sfmw_tw,ATC,TRUE,44922586,0.52,0,"0 
a lot of unnecessary text and unnecessary numbers, it confuses the reader, you have to go back through the article back to remember what you read."
http://www.nutritionadvance.com/coffee-negative-effects/,ATC,TRUE,41202032,1,1,"It is a good topic, informative and to take into account"
http://www.nutritionadvance.com/coffee-negative-effects/,ATC,TRUE,44854278,0.6,1,
http://www.nutritionadvance.com/coffee-negative-effects/,ATC,TRUE,44920655,0.1,2,
http://www.nutritionadvance.com/coffee-negative-effects/,ATC,TRUE,44237154,0.55,1,"The following article reports 9 side effects of coffee consumption, because this drink is considered one of the most taken in the world."
http://www.nutritionadvance.com/coffee-negative-effects/,ATC,TRUE,44705449,0.52,1,
http://www.prevention.com/health/a20477129/what-happens-when-you-stop-drinking-alcohol/,ATC,TRUE,44389644,1,1,
http://www.prevention.com/health/a20477129/what-happens-when-you-stop-drinking-alcohol/,ATC,TRUE,44748168,0.85,1,
http://www.prevention.com/health/a20477129/what-happens-when-you-stop-drinking-alcohol/,ATC,TRUE,32227852,0.6667,1,
http://www.prevention.com/health/a20477129/what-happens-when-you-stop-drinking-alcohol/,ATC,TRUE,33257008,0,0,
http://www.prevention.com/health/a20477129/what-happens-when-you-stop-drinking-alcohol/,ATC,TRUE,44382406,0.32,2,
http://www.self.com/story/i-did-dry-january-and-it-was-way-easier-than-i-expected?mbid=social_twitter,ATC,TRUE,43718239,1,1,
http://www.self.com/story/i-did-dry-january-and-it-was-way-easier-than-i-expected?mbid=social_twitter,ATC,TRUE,43692556,0.2,-1,
http://www.self.com/story/i-did-dry-january-and-it-was-way-easier-than-i-expected?mbid=social_twitter,ATC,TRUE,44047633,0.6667,1,
http://www.self.com/story/i-did-dry-january-and-it-was-way-easier-than-i-expected?mbid=social_twitter,ATC,TRUE,44474411,0.3533,1,
http://www.self.com/story/i-did-dry-january-and-it-was-way-easier-than-i-expected?mbid=social_twitter,ATC,TRUE,43726491,0.52,-1,
http://www.thisisinsider.com/photo-airport-smoking-section-damage-ceiling-cigarettes-2017-10?utm_content=buffer10317&utm_medium=social&utm_source=twitter.com&utm_campaign=buffer-insider-twitter,ATC,TRUE,44389644,1,0,
http://www.thisisinsider.com/photo-airport-smoking-section-damage-ceiling-cigarettes-2017-10?utm_content=buffer10317&utm_medium=social&utm_source=twitter.com&utm_campaign=buffer-insider-twitter,ATC,TRUE,44748168,0.85,1,
http://www.thisisinsider.com/photo-airport-smoking-section-damage-ceiling-cigarettes-2017-10?utm_content=buffer10317&utm_medium=social&utm_source=twitter.com&utm_campaign=buffer-insider-twitter,ATC,TRUE,32227852,0.6667,-1,
http://www.thisisinsider.com/photo-airport-smoking-section-damage-ceiling-cigarettes-2017-10?utm_content=buffer10317&utm_medium=social&utm_source=twitter.com&utm_campaign=buffer-insider-twitter,ATC,TRUE,33257008,0,2,
http://www.thisisinsider.com/photo-airport-smoking-section-damage-ceiling-cigarettes-2017-10?utm_content=buffer10317&utm_medium=social&utm_source=twitter.com&utm_campaign=buffer-insider-twitter,ATC,TRUE,44382406,0.32,-2,
http://www.voanews.com/a/number-of-cigarette-smokers-decline-in-us/4221547.html?utm_source=dlvr.it&utm_medium=twitter,ATC,TRUE,41202032,1,0,"it's a good subject, only informative"
http://www.voanews.com/a/number-of-cigarette-smokers-decline-in-us/4221547.html?utm_source=dlvr.it&utm_medium=twitter,ATC,TRUE,44854278,0.6,1,
http://www.voanews.com/a/number-of-cigarette-smokers-decline-in-us/4221547.html?utm_source=dlvr.it&utm_medium=twitter,ATC,TRUE,44920655,0.1,1,
http://www.voanews.com/a/number-of-cigarette-smokers-decline-in-us/4221547.html?utm_source=dlvr.it&utm_medium=twitter,ATC,TRUE,44237154,0.55,1,This article on science and health comments on the decline of tobacco consumption with the new restrictions for its free consumption and open and closed spaces in the United States.
http://www.voanews.com/a/number-of-cigarette-smokers-decline-in-us/4221547.html?utm_source=dlvr.it&utm_medium=twitter,ATC,TRUE,44705449,0.52,1,
http://www.weforum.org/agenda/2017/03/how-to-get-people-to-quit-smoking-pay-them-of-course?utm_content=bufferefa6e&utm_medium=social&utm_source=twitter.com&utm_campaign=buffer,ATC,TRUE,44389644,1,1,
http://www.weforum.org/agenda/2017/03/how-to-get-people-to-quit-smoking-pay-them-of-course?utm_content=bufferefa6e&utm_medium=social&utm_source=twitter.com&utm_campaign=buffer,ATC,TRUE,44748168,0.85,0,
http://www.weforum.org/agenda/2017/03/how-to-get-people-to-quit-smoking-pay-them-of-course?utm_content=bufferefa6e&utm_medium=social&utm_source=twitter.com&utm_campaign=buffer,ATC,TRUE,32227852,0.6667,1,
http://www.weforum.org/agenda/2017/03/how-to-get-people-to-quit-smoking-pay-them-of-course?utm_content=bufferefa6e&utm_medium=social&utm_source=twitter.com&utm_campaign=buffer,ATC,TRUE,33257008,0,2,
http://www.weforum.org/agenda/2017/03/how-to-get-people-to-quit-smoking-pay-them-of-course?utm_content=bufferefa6e&utm_medium=social&utm_source=twitter.com&utm_campaign=buffer,ATC,TRUE,44382406,0.32,1,
http://www.womenshealthmag.com/health/a19643753/coffee-cancer-warning-label-california/?utm_source=t.co&utm_medium=Social&utm_term=1446980298&utm_campaign=Women's%20Health,ATC,TRUE,41202032,1,2,it is important to know about this topic about excessive consumption
http://www.womenshealthmag.com/health/a19643753/coffee-cancer-warning-label-california/?utm_source=t.co&utm_medium=Social&utm_term=1446980298&utm_campaign=Women's%20Health,ATC,TRUE,44854278,0.6,-1,
http://www.womenshealthmag.com/health/a19643753/coffee-cancer-warning-label-california/?utm_source=t.co&utm_medium=Social&utm_term=1446980298&utm_campaign=Women's%20Health,ATC,TRUE,44920655,0.1,-2,
http://www.womenshealthmag.com/health/a19643753/coffee-cancer-warning-label-california/?utm_source=t.co&utm_medium=Social&utm_term=1446980298&utm_campaign=Women's%20Health,ATC,TRUE,44237154,0.55,1,"This article comments that the coffee must carry a label that alerts on its consumption, since it is considered to be carcinogenic for the range of chemical products it has."
http://www.womenshealthmag.com/health/a19643753/coffee-cancer-warning-label-california/?utm_source=t.co&utm_medium=Social&utm_term=1446980298&utm_campaign=Women's%20Health,ATC,TRUE,44705449,0.52,1,
http://www.outsideonline.com/2153736/sorry-folks-beer-still-isnt-health-food,ATC,TRUE,44389644,1,1,
http://www.outsideonline.com/2153736/sorry-folks-beer-still-isnt-health-food,ATC,TRUE,44748168,0.85,0,
http://www.outsideonline.com/2153736/sorry-folks-beer-still-isnt-health-food,ATC,TRUE,32227852,0.6667,-2,
http://www.outsideonline.com/2153736/sorry-folks-beer-still-isnt-health-food,ATC,TRUE,33257008,0,2,
http://www.outsideonline.com/2153736/sorry-folks-beer-still-isnt-health-food,ATC,TRUE,44382406,0.32,0,
http://fortune.com/2018/01/04/philip-morris-quit-cigarettes-tobacco-free/?utm_campaign=fortunemagazine&utm_source=twitter.com&utm_medium=social&xid=soc_socialflow_twitter_FORTUNE,ATC,FALSE,44870206,1,-1,
http://fortune.com/2018/01/04/philip-morris-quit-cigarettes-tobacco-free/?utm_campaign=fortunemagazine&utm_source=twitter.com&utm_medium=social&xid=soc_socialflow_twitter_FORTUNE,ATC,FALSE,32671231,0.8,-1,"Could be a promotional stunt, not really factual or believable."
http://fortune.com/2018/01/04/philip-morris-quit-cigarettes-tobacco-free/?utm_campaign=fortunemagazine&utm_source=twitter.com&utm_medium=social&xid=soc_socialflow_twitter_FORTUNE,ATC,FALSE,44038489,0.7333,-1,"The whole society must come together to fight for a smoke-free environment, avoid diseases to live for longer"
http://fortune.com/2018/01/04/philip-morris-quit-cigarettes-tobacco-free/?utm_campaign=fortunemagazine&utm_source=twitter.com&utm_medium=social&xid=soc_socialflow_twitter_FORTUNE,ATC,FALSE,44094454,0.46,0,
http://fortune.com/2018/01/04/philip-morris-quit-cigarettes-tobacco-free/?utm_campaign=fortunemagazine&utm_source=twitter.com&utm_medium=social&xid=soc_socialflow_twitter_FORTUNE,ATC,FALSE,44269349,0.56,0,
http://humanprogress.org/article.php?p=503,ATC,FALSE,17327401,1,2,
http://humanprogress.org/article.php?p=503,ATC,FALSE,43951421,0.6,0,Some factual references but largely from historians and not real scientific value
http://humanprogress.org/article.php?p=503,ATC,FALSE,42786948,0.5333,1,
http://humanprogress.org/article.php?p=503,ATC,FALSE,41223918,0.35,0,
http://humanprogress.org/article.php?p=503,ATC,FALSE,44330227,0.48,1,
http://mentalfloss.com/article/526832/sorry-barflies-dry-january-isnt-fix-heavy-drinking,ATC,FALSE,17327401,1,2,
http://mentalfloss.com/article/526832/sorry-barflies-dry-january-isnt-fix-heavy-drinking,ATC,FALSE,43951421,0.6,1,A couple of good scientific references and legitimate reasoning from these but not very extensive and one is referred to as only a mini study so could be more scientifically insightful
http://mentalfloss.com/article/526832/sorry-barflies-dry-january-isnt-fix-heavy-drinking,ATC,FALSE,42786948,0.5333,0,
http://mentalfloss.com/article/526832/sorry-barflies-dry-january-isnt-fix-heavy-drinking,ATC,FALSE,41223918,0.35,0,
http://mentalfloss.com/article/526832/sorry-barflies-dry-january-isnt-fix-heavy-drinking,ATC,FALSE,44330227,0.48,2,
http://uk.businessinsider.com/indoor-smoking-bans-kids-asthma-healthier-2016-12?utm_content=buffer6b517&utm_medium=social&utm_source=twitter.com&utm_campaign=buffer&r=US&IR=T,ATC,FALSE,44026666,1,1,
http://uk.businessinsider.com/indoor-smoking-bans-kids-asthma-healthier-2016-12?utm_content=buffer6b517&utm_medium=social&utm_source=twitter.com&utm_campaign=buffer&r=US&IR=T,ATC,FALSE,6335115,0.5,2,
http://uk.businessinsider.com/indoor-smoking-bans-kids-asthma-healthier-2016-12?utm_content=buffer6b517&utm_medium=social&utm_source=twitter.com&utm_campaign=buffer&r=US&IR=T,ATC,FALSE,38064537,0.35,1,
http://uk.businessinsider.com/indoor-smoking-bans-kids-asthma-healthier-2016-12?utm_content=buffer6b517&utm_medium=social&utm_source=twitter.com&utm_campaign=buffer&r=US&IR=T,ATC,FALSE,42459096,0.56,1,
http://uk.businessinsider.com/indoor-smoking-bans-kids-asthma-healthier-2016-12?utm_content=buffer6b517&utm_medium=social&utm_source=twitter.com&utm_campaign=buffer&r=US&IR=T,ATC,FALSE,44094454,0.46,2,
http://uk.businessinsider.com/philip-morris-e-cigarette-2016-11?r=US&IR=T,ATC,FALSE,17327401,1,2,
http://uk.businessinsider.com/philip-morris-e-cigarette-2016-11?r=US&IR=T,ATC,FALSE,43951421,0.6,2,In depth scientific analysis from multiple high quality scientific sources
http://uk.businessinsider.com/philip-morris-e-cigarette-2016-11?r=US&IR=T,ATC,FALSE,42786948,0.5333,2,
http://uk.businessinsider.com/philip-morris-e-cigarette-2016-11?r=US&IR=T,ATC,FALSE,41223918,0.35,-2,
http://uk.businessinsider.com/philip-morris-e-cigarette-2016-11?r=US&IR=T,ATC,FALSE,44330227,0.48,2,
http://vantagepointrecovery.com/5-reasons-seek-support-quitting-alcohol/,ATC,FALSE,43883407,0.7,1,
http://vantagepointrecovery.com/5-reasons-seek-support-quitting-alcohol/,ATC,FALSE,43895511,0.7,0,
http://vantagepointrecovery.com/5-reasons-seek-support-quitting-alcohol/,ATC,FALSE,43724974,0.5333,0,"It is worrisome the number of people who seek entertainment with alcohol, thinking that it is the only way to have fun, exposing their lives to danger, and disappointing the little influx of people seeking help against addiction to alcoholism"
http://vantagepointrecovery.com/5-reasons-seek-support-quitting-alcohol/,ATC,FALSE,42459096,0.56,1,
http://vantagepointrecovery.com/5-reasons-seek-support-quitting-alcohol/,ATC,FALSE,44394160,0.3,0,"...only few facts that are common wealth,long story short-nothing new,fresh and original in this article,my opinion.Best Regards."
http://winefolly.com/update/alcohol-your-brain-and-dementia/?utm_content=buffere2ba7&utm_medium=social&utm_source=twitter.com&utm_campaign=buffer,ATC,FALSE,44870206,1,1,
http://winefolly.com/update/alcohol-your-brain-and-dementia/?utm_content=buffere2ba7&utm_medium=social&utm_source=twitter.com&utm_campaign=buffer,ATC,FALSE,32671231,0.8,1,Good article and high quality research
http://winefolly.com/update/alcohol-your-brain-and-dementia/?utm_content=buffere2ba7&utm_medium=social&utm_source=twitter.com&utm_campaign=buffer,ATC,FALSE,44038489,0.7333,2,"like everything in life, things in excess are harmful, the benefit will be found as long as we have control."
http://winefolly.com/update/alcohol-your-brain-and-dementia/?utm_content=buffere2ba7&utm_medium=social&utm_source=twitter.com&utm_campaign=buffer,ATC,FALSE,44094454,0.46,2,
http://winefolly.com/update/alcohol-your-brain-and-dementia/?utm_content=buffere2ba7&utm_medium=social&utm_source=twitter.com&utm_campaign=buffer,ATC,FALSE,44269349,0.56,1,
http://www.drugaddictionnow.com/2016/11/28/treating-a-dual-diagnosis-of-addiction-and-mental-illness-can-sometimes-be-a-case-of-simply-treating-the-addiction/?platform=hootsuite,ATC,FALSE,44870206,1,1,
http://www.drugaddictionnow.com/2016/11/28/treating-a-dual-diagnosis-of-addiction-and-mental-illness-can-sometimes-be-a-case-of-simply-treating-the-addiction/?platform=hootsuite,ATC,FALSE,32671231,0.8,1,Pretty dense article filled with scientific data.
http://www.drugaddictionnow.com/2016/11/28/treating-a-dual-diagnosis-of-addiction-and-mental-illness-can-sometimes-be-a-case-of-simply-treating-the-addiction/?platform=hootsuite,ATC,FALSE,44038489,0.7333,1,"It is not easy to overcome an addiction, the first to recognize it as such and then seek help, the success of rehabilitation depends on the desire of the sick person to heal their illness"
http://www.drugaddictionnow.com/2016/11/28/treating-a-dual-diagnosis-of-addiction-and-mental-illness-can-sometimes-be-a-case-of-simply-treating-the-addiction/?platform=hootsuite,ATC,FALSE,44094454,0.46,1,
http://www.drugaddictionnow.com/2016/11/28/treating-a-dual-diagnosis-of-addiction-and-mental-illness-can-sometimes-be-a-case-of-simply-treating-the-addiction/?platform=hootsuite,ATC,FALSE,44269349,0.56,1,
http://www.esquire.com/food-drink/food/a16756469/california-coffee-cancer-warning-lawsuit/?src=socialflowTW,ATC,FALSE,17327401,1,2,
http://www.esquire.com/food-drink/food/a16756469/california-coffee-cancer-warning-lawsuit/?src=socialflowTW,ATC,FALSE,43951421,0.6,1,Some good science references and to other news reports on the matter but not very extensive
http://www.esquire.com/food-drink/food/a16756469/california-coffee-cancer-warning-lawsuit/?src=socialflowTW,ATC,FALSE,42786948,0.5333,0,
http://www.esquire.com/food-drink/food/a16756469/california-coffee-cancer-warning-lawsuit/?src=socialflowTW,ATC,FALSE,41223918,0.35,-2,
http://www.esquire.com/food-drink/food/a16756469/california-coffee-cancer-warning-lawsuit/?src=socialflowTW,ATC,FALSE,44330227,0.48,0,
http://www.healthline.com/nutrition/top-13-evidence-based-health-benefits-of-coffee?sf51065311=1,ATC,FALSE,44026666,1,0,
http://www.healthline.com/nutrition/top-13-evidence-based-health-benefits-of-coffee?sf51065311=1,ATC,FALSE,6335115,0.5,2,
http://www.healthline.com/nutrition/top-13-evidence-based-health-benefits-of-coffee?sf51065311=1,ATC,FALSE,38064537,0.35,1,
http://www.healthline.com/nutrition/top-13-evidence-based-health-benefits-of-coffee?sf51065311=1,ATC,FALSE,42459096,0.56,2,
http://www.healthline.com/nutrition/top-13-evidence-based-health-benefits-of-coffee?sf51065311=1,ATC,FALSE,44094454,0.46,2,
http://www.illinoispolicy.org/senate-bill-would-ban-tobacco-products-e-cigarettes-for-illinoisans-under-21/?utm_content=66614811&utm_medium=social&utm_source=twitter,ATC,FALSE,43883407,0.7,0,
http://www.illinoispolicy.org/senate-bill-would-ban-tobacco-products-e-cigarettes-for-illinoisans-under-21/?utm_content=66614811&utm_medium=social&utm_source=twitter,ATC,FALSE,43895511,0.7,0,
http://www.illinoispolicy.org/senate-bill-would-ban-tobacco-products-e-cigarettes-for-illinoisans-under-21/?utm_content=66614811&utm_medium=social&utm_source=twitter,ATC,FALSE,43724974,0.5333,1,
http://www.illinoispolicy.org/senate-bill-would-ban-tobacco-products-e-cigarettes-for-illinoisans-under-21/?utm_content=66614811&utm_medium=social&utm_source=twitter,ATC,FALSE,42459096,0.56,0,
http://www.illinoispolicy.org/senate-bill-would-ban-tobacco-products-e-cigarettes-for-illinoisans-under-21/?utm_content=66614811&utm_medium=social&utm_source=twitter,ATC,FALSE,44394160,0.3,1,"very good article with historical and present facts-The article does not contain major scientific inaccuracies and its conclusion follows from the evidence provided.only the future in this article is unclear,as we don't realy know will this law/ the initiative 'pass' the Senate.-my personal opinion.Best Regards."
http://www.marketwatch.com/story/cigarette-maker-stocks-plunge-on-fda-announcement-but-health-experts-are-skeptical-2017-07-28?link=sfmw_tw,ATC,FALSE,44026666,1,0,
http://www.marketwatch.com/story/cigarette-maker-stocks-plunge-on-fda-announcement-but-health-experts-are-skeptical-2017-07-28?link=sfmw_tw,ATC,FALSE,6335115,0.5,2,
http://www.marketwatch.com/story/cigarette-maker-stocks-plunge-on-fda-announcement-but-health-experts-are-skeptical-2017-07-28?link=sfmw_tw,ATC,FALSE,38064537,0.35,1,
http://www.marketwatch.com/story/cigarette-maker-stocks-plunge-on-fda-announcement-but-health-experts-are-skeptical-2017-07-28?link=sfmw_tw,ATC,FALSE,42459096,0.56,0,
http://www.marketwatch.com/story/cigarette-maker-stocks-plunge-on-fda-announcement-but-health-experts-are-skeptical-2017-07-28?link=sfmw_tw,ATC,FALSE,44094454,0.46,0,
http://www.nutritionadvance.com/coffee-negative-effects/,ATC,FALSE,43883407,0.7,1,
http://www.nutritionadvance.com/coffee-negative-effects/,ATC,FALSE,43895511,0.7,1,
http://www.nutritionadvance.com/coffee-negative-effects/,ATC,FALSE,43724974,0.5333,0,"Very good article, know the side effects that we can get because of the intake of caffeine is important when planning our day, I think that if coffee is not of vital importance in our lives, it is better to drink water."
http://www.nutritionadvance.com/coffee-negative-effects/,ATC,FALSE,42459096,0.56,2,
http://www.nutritionadvance.com/coffee-negative-effects/,ATC,FALSE,44394160,0.3,0,"no major inaccuracies, but no important insight to better explain implications of the science.in short-nothing that we allready don't know-my opinion.Best Regards."
http://www.prevention.com/health/a20477129/what-happens-when-you-stop-drinking-alcohol/,ATC,FALSE,44870206,1,0,
http://www.prevention.com/health/a20477129/what-happens-when-you-stop-drinking-alcohol/,ATC,FALSE,32671231,0.8,1,factual article with a lot of arguments supporting the conclusion
http://www.prevention.com/health/a20477129/what-happens-when-you-stop-drinking-alcohol/,ATC,FALSE,44038489,0.7333,1,"In the same line of self-control, risks allow you to make bad decisions regarding drinking, alcohol is not essential for life, as is water!"
http://www.prevention.com/health/a20477129/what-happens-when-you-stop-drinking-alcohol/,ATC,FALSE,44094454,0.46,2,
http://www.prevention.com/health/a20477129/what-happens-when-you-stop-drinking-alcohol/,ATC,FALSE,44269349,0.56,2,Numerous mentions of various studies throughout the article.
http://www.self.com/story/i-did-dry-january-and-it-was-way-easier-than-i-expected?mbid=social_twitter,ATC,FALSE,44026666,1,-1,
http://www.self.com/story/i-did-dry-january-and-it-was-way-easier-than-i-expected?mbid=social_twitter,ATC,FALSE,6335115,0.5,1,
http://www.self.com/story/i-did-dry-january-and-it-was-way-easier-than-i-expected?mbid=social_twitter,ATC,FALSE,38064537,0.35,-2,
http://www.self.com/story/i-did-dry-january-and-it-was-way-easier-than-i-expected?mbid=social_twitter,ATC,FALSE,42459096,0.56,0,
http://www.self.com/story/i-did-dry-january-and-it-was-way-easier-than-i-expected?mbid=social_twitter,ATC,FALSE,44094454,0.46,0,
http://www.thisisinsider.com/photo-airport-smoking-section-damage-ceiling-cigarettes-2017-10?utm_content=buffer10317&utm_medium=social&utm_source=twitter.com&utm_campaign=buffer-insider-twitter,ATC,FALSE,44026666,1,0,
http://www.thisisinsider.com/photo-airport-smoking-section-damage-ceiling-cigarettes-2017-10?utm_content=buffer10317&utm_medium=social&utm_source=twitter.com&utm_campaign=buffer-insider-twitter,ATC,FALSE,6335115,0.5,1,
http://www.thisisinsider.com/photo-airport-smoking-section-damage-ceiling-cigarettes-2017-10?utm_content=buffer10317&utm_medium=social&utm_source=twitter.com&utm_campaign=buffer-insider-twitter,ATC,FALSE,38064537,0.35,-1,
http://www.thisisinsider.com/photo-airport-smoking-section-damage-ceiling-cigarettes-2017-10?utm_content=buffer10317&utm_medium=social&utm_source=twitter.com&utm_campaign=buffer-insider-twitter,ATC,FALSE,42459096,0.56,1,
http://www.thisisinsider.com/photo-airport-smoking-section-damage-ceiling-cigarettes-2017-10?utm_content=buffer10317&utm_medium=social&utm_source=twitter.com&utm_campaign=buffer-insider-twitter,ATC,FALSE,44094454,0.46,2,
http://www.voanews.com/a/number-of-cigarette-smokers-decline-in-us/4221547.html?utm_source=dlvr.it&utm_medium=twitter,ATC,FALSE,43883407,0.7,1,
http://www.voanews.com/a/number-of-cigarette-smokers-decline-in-us/4221547.html?utm_source=dlvr.it&utm_medium=twitter,ATC,FALSE,43895511,0.7,2,
http://www.voanews.com/a/number-of-cigarette-smokers-decline-in-us/4221547.html?utm_source=dlvr.it&utm_medium=twitter,ATC,FALSE,43724974,0.5333,1,"Meanwhile, incidences of non-smoker lung cancer cases have increased and remains rather high. Isn't that curious? Even if 50% of new cases can be attributed to genetics, smoking tobacco, although certainly an unhealthy addiction, cannot account for all new cases."
http://www.voanews.com/a/number-of-cigarette-smokers-decline-in-us/4221547.html?utm_source=dlvr.it&utm_medium=twitter,ATC,FALSE,42459096,0.56,1,
http://www.voanews.com/a/number-of-cigarette-smokers-decline-in-us/4221547.html?utm_source=dlvr.it&utm_medium=twitter,ATC,FALSE,44394160,0.3,2,"No inaccuracies, well argumented and documented article that provides insights to the reader from scientific point of wiew,as well as the the readers too,that is my opinion."
http://www.weforum.org/agenda/2017/03/how-to-get-people-to-quit-smoking-pay-them-of-course?utm_content=bufferefa6e&utm_medium=social&utm_source=twitter.com&utm_campaign=buffer,ATC,FALSE,43883407,0.7,2,
http://www.weforum.org/agenda/2017/03/how-to-get-people-to-quit-smoking-pay-them-of-course?utm_content=bufferefa6e&utm_medium=social&utm_source=twitter.com&utm_campaign=buffer,ATC,FALSE,43895511,0.7,1,
http://www.weforum.org/agenda/2017/03/how-to-get-people-to-quit-smoking-pay-them-of-course?utm_content=bufferefa6e&utm_medium=social&utm_source=twitter.com&utm_campaign=buffer,ATC,FALSE,43724974,0.5333,2,"excellent bill, health should be a priority worldwide, less cigarettes, less death by cancer."
http://www.weforum.org/agenda/2017/03/how-to-get-people-to-quit-smoking-pay-them-of-course?utm_content=bufferefa6e&utm_medium=social&utm_source=twitter.com&utm_campaign=buffer,ATC,FALSE,42459096,0.56,2,
http://www.weforum.org/agenda/2017/03/how-to-get-people-to-quit-smoking-pay-them-of-course?utm_content=bufferefa6e&utm_medium=social&utm_source=twitter.com&utm_campaign=buffer,ATC,FALSE,44394160,0.3,1,"it is proven that if you pay people to stop smoking,they will do that better than without material rewards,they feel like they achieved something big,and beeing awarded for that is the best feeling for the result of their's accomplishments."
http://www.womenshealthmag.com/health/a19643753/coffee-cancer-warning-label-california/?utm_source=t.co&utm_medium=Social&utm_term=1446980298&utm_campaign=Women's%20Health,ATC,FALSE,17327401,1,2,
http://www.womenshealthmag.com/health/a19643753/coffee-cancer-warning-label-california/?utm_source=t.co&utm_medium=Social&utm_term=1446980298&utm_campaign=Women's%20Health,ATC,FALSE,43951421,0.6,1,Not extensive but does have sources and legitimate conclusions from evidence
http://www.womenshealthmag.com/health/a19643753/coffee-cancer-warning-label-california/?utm_source=t.co&utm_medium=Social&utm_term=1446980298&utm_campaign=Women's%20Health,ATC,FALSE,42786948,0.5333,2,
http://www.womenshealthmag.com/health/a19643753/coffee-cancer-warning-label-california/?utm_source=t.co&utm_medium=Social&utm_term=1446980298&utm_campaign=Women's%20Health,ATC,FALSE,41223918,0.35,-1,
http://www.womenshealthmag.com/health/a19643753/coffee-cancer-warning-label-california/?utm_source=t.co&utm_medium=Social&utm_term=1446980298&utm_campaign=Women's%20Health,ATC,FALSE,44330227,0.48,1,
https://www.outsideonline.com/2153736/sorry-folks-beer-still-isnt-health-food,ATC,FALSE,44870206,1,-1,
https://www.outsideonline.com/2153736/sorry-folks-beer-still-isnt-health-food,ATC,FALSE,32671231,0.8,2,"Very thorough article, presenting both pro and cons."
https://www.outsideonline.com/2153736/sorry-folks-beer-still-isnt-health-food,ATC,FALSE,44038489,0.7333,-1,"Beer is good for your health, but in a controlled way."
https://www.outsideonline.com/2153736/sorry-folks-beer-still-isnt-health-food,ATC,FALSE,44094454,0.46,1,
https://www.outsideonline.com/2153736/sorry-folks-beer-still-isnt-health-food,ATC,FALSE,44269349,0.56,2,